company_id,year,cfo_sign,cfi_sign,cff_sign,pattern_label
ABB,2012-12,1,-1,-1,Reinvestor
ABB,2014-03,1,1,1,Cash Accumulator
ABB,2015-03,-1,-1,1,Growth Funded by Debt
ABB,2016-03,1,-1,-1,Shareholder Returns
ABB,2017-03,1,-1,-1,Shareholder Returns
ABB,2018-03,1,-1,1,Cash Accumulator
ABB,2019-03,1,-1,1,Cash Accumulator
ABB,2020-03,1,-1,1,Cash Accumulator
ABB,2021-03,1,-1,-1,Shareholder Returns
ABB,2022-03,1,-1,-1,Shareholder Returns
ABB,2023-03,1,-1,1,Cash Accumulator
ABB,2024-03,1,-1,-1,Shareholder Returns
ADANIENSOL,2014-03,1,1,1,Cash Accumulator
ADANIENSOL,2015-03,-1,-1,1,Growth Funded by Debt
ADANIENSOL,2016-03,1,-1,-1,Shareholder Returns
ADANIENSOL,2017-03,1,-1,-1,Shareholder Returns
ADANIENSOL,2018-03,1,-1,1,Cash Accumulator
ADANIENSOL,2019-03,1,-1,1,Cash Accumulator
ADANIENSOL,2020-03,1,-1,1,Cash Accumulator
ADANIENSOL,2021-03,1,-1,-1,Shareholder Returns
ADANIENSOL,2022-03,1,-1,-1,Shareholder Returns
ADANIENSOL,2023-03,1,-1,1,Cash Accumulator
ADANIENSOL,2024-03,1,-1,-1,Shareholder Returns
ADANIENT,2013-03,1,-1,1,Cash Accumulator
ADANIENT,2014-03,1,-1,-1,Shareholder Returns
ADANIENT,2015-03,1,-1,1,Cash Accumulator
ADANIENT,2016-03,1,-1,-1,Shareholder Returns
ADANIENT,2017-03,1,-1,1,Cash Accumulator
ADANIENT,2018-03,1,-1,1,Cash Accumulator
ADANIENT,2019-03,1,1,-1,Liquidating Assets
ADANIENT,2020-03,1,-1,-1,Shareholder Returns
ADANIENT,2021-03,1,-1,1,Cash Accumulator
ADANIENT,2022-03,1,-1,1,Cash Accumulator
ADANIENT,2023-03,1,-1,-1,Shareholder Returns
ADANIENT,2024-03,1,-1,1,Cash Accumulator
ADANIGREEN,2017-03,1,-1,1,Cash Accumulator
ADANIGREEN,2018-03,1,-1,1,Cash Accumulator
ADANIGREEN,2019-03,1,-1,1,Cash Accumulator
ADANIGREEN,2020-03,1,-1,1,Cash Accumulator
ADANIGREEN,2021-03,1,-1,1,Cash Accumulator
ADANIGREEN,2022-03,1,-1,1,Cash Accumulator
ADANIGREEN,2023-03,1,-1,-1,Shareholder Returns
ADANIGREEN,2024-03,1,-1,1,Cash Accumulator
ADANIPORTS,2013-03,1,-1,1,Cash Accumulator
ADANIPORTS,2014-03,1,-1,1,Cash Accumulator
ADANIPORTS,2015-03,1,-1,-1,Shareholder Returns
ADANIPORTS,2016-03,1,-1,1,Cash Accumulator
ADANIPORTS,2017-03,1,-1,-1,Shareholder Returns
ADANIPORTS,2018-03,1,-1,-1,Shareholder Returns
ADANIPORTS,2019-03,1,-1,1,Cash Accumulator
ADANIPORTS,2020-03,1,-1,-1,Shareholder Returns
ADANIPORTS,2021-03,1,-1,1,Cash Accumulator
ADANIPORTS,2022-03,1,-1,-1,Shareholder Returns
ADANIPORTS,2023-03,1,-1,-1,Shareholder Returns
ADANIPORTS,2024-03,1,-1,-1,Shareholder Returns
ADANIPOWER,2013-03,1,-1,1,Cash Accumulator
ADANIPOWER,2014-03,1,-1,1,Cash Accumulator
ADANIPOWER,2015-03,1,-1,-1,Reinvestor
ADANIPOWER,2016-03,1,-1,-1,Shareholder Returns
ADANIPOWER,2017-03,1,-1,-1,Reinvestor
ADANIPOWER,2018-03,1,-1,-1,Reinvestor
ADANIPOWER,2019-03,1,-1,-1,Reinvestor
ADANIPOWER,2020-03,1,-1,-1,Reinvestor
ADANIPOWER,2021-03,1,-1,-1,Shareholder Returns
ADANIPOWER,2022-03,1,1,-1,Liquidating Assets
ADANIPOWER,2023-03,1,1,-1,Liquidating Assets
ADANIPOWER,2024-03,1,1,-1,Liquidating Assets
AMBUJACEM,2012-12,1,-1,-1,Shareholder Returns
AMBUJACEM,2013-12,1,-1,-1,Reinvestor
AMBUJACEM,2014-12,1,-1,-1,Shareholder Returns
AMBUJACEM,2015-12,1,-1,-1,Shareholder Returns
AMBUJACEM,2016-12,1,-1,-1,Shareholder Returns
AMBUJACEM,2017-12,1,-1,-1,Shareholder Returns
AMBUJACEM,2018-12,1,-1,-1,Reinvestor
AMBUJACEM,2019-12,1,-1,-1,Shareholder Returns
AMBUJACEM,2020-12,1,-1,-1,Shareholder Returns
AMBUJACEM,2021-12,1,-1,-1,Shareholder Returns
AMBUJACEM,2024-03,1,-1,1,Cash Accumulator
APOLLOHOSP,2013-03,1,-1,1,Cash Accumulator
APOLLOHOSP,2014-03,1,-1,-1,Shareholder Returns
APOLLOHOSP,2015-03,1,-1,1,Cash Accumulator
APOLLOHOSP,2016-03,1,-1,1,Cash Accumulator
APOLLOHOSP,2017-03,1,-1,1,Cash Accumulator
APOLLOHOSP,2018-03,1,-1,-1,Shareholder Returns
APOLLOHOSP,2019-03,1,-1,-1,Shareholder Returns
APOLLOHOSP,2020-03,1,-1,-1,Shareholder Returns
APOLLOHOSP,2021-03,1,-1,-1,Shareholder Returns
APOLLOHOSP,2022-03,1,-1,-1,Shareholder Returns
APOLLOHOSP,2023-03,1,-1,-1,Shareholder Returns
APOLLOHOSP,2024-03,1,-1,-1,Shareholder Returns
ASIANPAINT,2013-03,1,-1,-1,Shareholder Returns
ASIANPAINT,2014-03,1,-1,-1,Shareholder Returns
ASIANPAINT,2015-03,1,-1,-1,Reinvestor
ASIANPAINT,2016-03,1,-1,-1,Shareholder Returns
ASIANPAINT,2017-03,1,-1,-1,Reinvestor
ASIANPAINT,2018-03,1,-1,-1,Shareholder Returns
ASIANPAINT,2019-03,1,-1,-1,Shareholder Returns
ASIANPAINT,2020-03,1,-1,-1,Shareholder Returns
ASIANPAINT,2021-03,1,-1,-1,Shareholder Returns
ASIANPAINT,2022-03,1,-1,-1,Reinvestor
ASIANPAINT,2023-03,1,-1,-1,Reinvestor
ASIANPAINT,2024-03,1,-1,-1,Shareholder Returns
ATGL,2018-03,-1,-1,-1,Pre-Revenue
ATGL,2019-03,-1,-1,-1,Pre-Revenue
ATGL,2020-03,-1,-1,-1,Pre-Revenue
ATGL,2021-03,-1,-1,-1,Pre-Revenue
ATGL,2022-03,-1,-1,-1,Pre-Revenue
ATGL,2023-03,-1,-1,-1,Pre-Revenue
ATGL,2024-03,-1,-1,-1,Pre-Revenue
AXISBANK,2013-03,1,-1,1,Cash Accumulator
AXISBANK,2014-03,1,-1,1,Cash Accumulator
AXISBANK,2015-03,-1,-1,1,Growth Funded by Debt
AXISBANK,2016-03,-1,1,1,Distress Signal
AXISBANK,2017-03,1,-1,-1,Shareholder Returns
AXISBANK,2018-03,-1,-1,1,Growth Funded by Debt
AXISBANK,2019-03,1,-1,1,Cash Accumulator
AXISBANK,2020-03,1,-1,1,Cash Accumulator
AXISBANK,2021-03,1,-1,1,Cash Accumulator
AXISBANK,2022-03,1,-1,1,Cash Accumulator
AXISBANK,2023-03,1,-1,1,Cash Accumulator
AXISBANK,2024-03,-1,-1,1,Growth Funded by Debt
BAJAJ-AUTO,2013-03,1,-1,-1,Reinvestor
BAJAJ-AUTO,2014-03,1,-1,-1,Shareholder Returns
BAJAJ-AUTO,2015-03,1,-1,-1,Reinvestor
BAJAJ-AUTO,2016-03,1,-1,-1,Reinvestor
BAJAJ-AUTO,2017-03,1,-1,-1,Reinvestor
BAJAJ-AUTO,2018-03,1,-1,-1,Shareholder Returns
BAJAJ-AUTO,2019-03,1,-1,-1,Reinvestor
BAJAJ-AUTO,2020-03,1,1,-1,Liquidating Assets
BAJAJ-AUTO,2021-03,1,-1,-1,Reinvestor
BAJAJ-AUTO,2022-03,1,1,-1,Liquidating Assets
BAJAJ-AUTO,2023-03,1,1,-1,Liquidating Assets
BAJAJ-AUTO,2024-03,1,-1,-1,Reinvestor
BAJAJFINSV,2013-03,-1,1,1,Distress Signal
BAJAJFINSV,2014-03,-1,1,1,Distress Signal
BAJAJFINSV,2015-03,-1,1,1,Distress Signal
BAJAJFINSV,2016-03,-1,-1,1,Growth Funded by Debt
BAJAJFINSV,2017-03,-1,1,1,Distress Signal
BAJAJFINSV,2018-03,-1,-1,1,Growth Funded by Debt
BAJAJFINSV,2019-03,-1,-1,1,Growth Funded by Debt
BAJAJFINSV,2020-03,-1,-1,1,Growth Funded by Debt
BAJAJFINSV,2021-03,1,-1,1,Cash Accumulator
BAJAJFINSV,2022-03,-1,1,1,Distress Signal
BAJAJFINSV,2023-03,-1,-1,1,Growth Funded by Debt
BAJAJFINSV,2024-03,-1,-1,1,Growth Funded by Debt
BAJAJHLDNG,2013-03,1,-1,-1,Reinvestor
BAJAJHLDNG,2014-03,1,-1,-1,Reinvestor
BAJAJHLDNG,2015-03,1,-1,-1,Reinvestor
BAJAJHLDNG,2016-03,1,1,-1,Liquidating Assets
BAJAJHLDNG,2017-03,-1,-1,-1,Pre-Revenue
BAJAJHLDNG,2018-03,1,-1,-1,Reinvestor
BAJAJHLDNG,2019-03,1,-1,-1,Reinvestor
BAJAJHLDNG,2020-03,1,-1,-1,Reinvestor
BAJAJHLDNG,2021-03,1,-1,-1,Reinvestor
BAJAJHLDNG,2022-03,1,-1,-1,Reinvestor
BAJAJHLDNG,2023-03,1,-1,-1,Reinvestor
BAJAJHLDNG,2024-03,1,-1,-1,Reinvestor
BAJFINANCE,2015-03,-1,-1,1,Growth Funded by Debt
BAJFINANCE,2016-03,-1,-1,1,Growth Funded by Debt
BAJFINANCE,2017-03,-1,-1,1,Growth Funded by Debt
BAJFINANCE,2018-03,-1,1,1,Distress Signal
BAJFINANCE,2019-03,-1,-1,1,Growth Funded by Debt
BAJFINANCE,2020-03,-1,-1,1,Growth Funded by Debt
BAJFINANCE,2021-03,-1,-1,1,Growth Funded by Debt
BAJFINANCE,2022-03,-1,1,1,Distress Signal
BAJFINANCE,2023-03,-1,-1,1,Growth Funded by Debt
BAJFINANCE,2024-03,-1,-1,1,Growth Funded by Debt
BANKBARODA,2013-03,1,-1,-1,Shareholder Returns
BANKBARODA,2014-03,1,-1,1,Cash Accumulator
BANKBARODA,2015-03,1,-1,-1,Shareholder Returns
BANKBARODA,2016-03,-1,-1,-1,Pre-Revenue
BANKBARODA,2017-03,1,-1,-1,Shareholder Returns
BANKBARODA,2018-03,-1,-1,1,Growth Funded by Debt
BANKBARODA,2019-03,-1,-1,1,Growth Funded by Debt
BANKBARODA,2020-03,1,-1,1,Cash Accumulator
BANKBARODA,2021-03,-1,-1,-1,Pre-Revenue
BANKBARODA,2022-03,1,-1,-1,Reinvestor
BANKBARODA,2023-03,-1,-1,-1,Pre-Revenue
BANKBARODA,2024-03,-1,-1,1,Growth Funded by Debt
BEL,2013-03,-1,1,-1,Mixed
BEL,2014-03,-1,1,-1,Mixed
BEL,2015-03,1,-1,-1,Shareholder Returns
BEL,2016-03,1,-1,-1,Shareholder Returns
BEL,2017-03,-1,1,-1,Mixed
BEL,2018-03,-1,-1,-1,Pre-Revenue
BEL,2019-03,1,-1,-1,Reinvestor
BEL,2020-03,1,-1,-1,Shareholder Returns
BEL,2021-03,1,-1,-1,Shareholder Returns
BEL,2022-03,1,-1,-1,Shareholder Returns
BEL,2023-03,1,1,-1,Liquidating Assets
BEL,2024-03,1,-1,-1,Shareholder Returns
BHARTIARTL,2013-03,1,-1,-1,Shareholder Returns
BHARTIARTL,2014-03,1,-1,1,Cash Accumulator
BHARTIARTL,2015-03,1,-1,-1,Shareholder Returns
BHARTIARTL,2016-03,1,-1,-1,Shareholder Returns
BHARTIARTL,2017-03,1,-1,-1,Shareholder Returns
BHARTIARTL,2018-03,1,-1,1,Cash Accumulator
BHARTIARTL,2019-03,1,-1,1,Cash Accumulator
BHARTIARTL,2020-03,1,-1,1,Cash Accumulator
BHARTIARTL,2021-03,1,-1,-1,Reinvestor
BHARTIARTL,2022-03,1,-1,-1,Shareholder Returns
BHARTIARTL,2023-03,1,-1,-1,Shareholder Returns
BHARTIARTL,2024-03,1,-1,-1,Shareholder Returns
BHEL,2013-03,1,-1,1,Cash Accumulator
BHEL,2014-03,1,-1,1,Cash Accumulator
BHEL,2015-03,1,1,-1,Liquidating Assets
BHEL,2016-03,1,1,-1,Liquidating Assets
BHEL,2017-03,1,-1,-1,Shareholder Returns
BHEL,2018-03,1,1,-1,Liquidating Assets
BHEL,2019-03,-1,1,-1,Mixed
BHEL,2020-03,-1,1,1,Distress Signal
BHEL,2021-03,1,-1,-1,Reinvestor
BHEL,2022-03,1,-1,-1,Shareholder Returns
BHEL,2023-03,-1,1,1,Distress Signal
BHEL,2024-03,-1,1,1,Distress Signal
BOSCHLTD,2012-12,1,-1,-1,Reinvestor
BOSCHLTD,2013-12,1,-1,-1,Shareholder Returns
BOSCHLTD,2015-03,1,-1,-1,Shareholder Returns
BOSCHLTD,2016-03,1,-1,-1,Reinvestor
BOSCHLTD,2017-03,1,1,-1,Liquidating Assets
BOSCHLTD,2018-03,1,-1,-1,Shareholder Returns
BOSCHLTD,2019-03,1,1,-1,Liquidating Assets
BOSCHLTD,2020-03,1,-1,-1,Shareholder Returns
BOSCHLTD,2021-03,1,-1,-1,Shareholder Returns
BOSCHLTD,2022-03,1,-1,-1,Reinvestor
BOSCHLTD,2023-03,1,1,-1,Liquidating Assets
BOSCHLTD,2024-03,1,1,-1,Liquidating Assets
BPCL,2013-03,1,-1,-1,Shareholder Returns
BPCL,2014-03,1,-1,-1,Shareholder Returns
BPCL,2015-03,1,-1,-1,Shareholder Returns
BPCL,2016-03,1,-1,-1,Shareholder Returns
BPCL,2017-03,1,-1,1,Cash Accumulator
BPCL,2018-03,1,-1,-1,Shareholder Returns
BPCL,2019-03,1,-1,1,Cash Accumulator
BPCL,2020-03,1,-1,1,Cash Accumulator
BPCL,2021-03,1,-1,-1,Shareholder Returns
BPCL,2022-03,1,-1,-1,Shareholder Returns
BPCL,2023-03,1,-1,-1,Shareholder Returns
BPCL,2024-03,1,-1,-1,Shareholder Returns
BRITANNIA,2013-03,1,1,-1,Liquidating Assets
BRITANNIA,2014-03,1,-1,-1,Shareholder Returns
BRITANNIA,2015-03,1,-1,-1,Reinvestor
BRITANNIA,2016-03,1,-1,-1,Shareholder Returns
BRITANNIA,2017-03,1,-1,-1,Reinvestor
BRITANNIA,2018-03,1,-1,-1,Shareholder Returns
BRITANNIA,2019-03,1,-1,-1,Shareholder Returns
BRITANNIA,2020-03,1,-1,1,Cash Accumulator
BRITANNIA,2021-03,1,1,-1,Liquidating Assets
BRITANNIA,2022-03,1,1,-1,Liquidating Assets
BRITANNIA,2023-03,1,-1,-1,Shareholder Returns
BRITANNIA,2024-03,1,1,-1,Liquidating Assets
CANBK,2013-03,1,-1,-1,Shareholder Returns
CANBK,2014-03,1,-1,-1,Shareholder Returns
CANBK,2015-03,1,-1,-1,Shareholder Returns
CANBK,2016-03,1,-1,-1,Reinvestor
CANBK,2017-03,1,-1,1,Cash Accumulator
CANBK,2018-03,-1,-1,1,Growth Funded by Debt
CANBK,2019-03,1,-1,-1,Shareholder Returns
CANBK,2020-03,-1,-1,1,Growth Funded by Debt
CANBK,2021-03,1,-1,1,Cash Accumulator
CANBK,2022-03,1,-1,1,Cash Accumulator
CANBK,2023-03,-1,-1,1,Growth Funded by Debt
CANBK,2024-03,1,-1,-1,Reinvestor
CHOLAFIN,2013-03,-1,1,1,Distress Signal
CHOLAFIN,2014-03,-1,-1,1,Growth Funded by Debt
CHOLAFIN,2015-03,-1,-1,1,Growth Funded by Debt
CHOLAFIN,2016-03,-1,-1,1,Growth Funded by Debt
CHOLAFIN,2017-03,-1,-1,1,Growth Funded by Debt
CHOLAFIN,2018-03,-1,-1,1,Growth Funded by Debt
CHOLAFIN,2019-03,-1,-1,1,Growth Funded by Debt
CHOLAFIN,2020-03,-1,-1,1,Growth Funded by Debt
CHOLAFIN,2021-03,-1,-1,1,Growth Funded by Debt
CHOLAFIN,2022-03,-1,1,1,Distress Signal
CHOLAFIN,2023-03,-1,-1,1,Growth Funded by Debt
CHOLAFIN,2024-03,-1,-1,1,Growth Funded by Debt
CIPLA,2013-03,1,-1,1,Cash Accumulator
CIPLA,2014-03,1,-1,-1,Shareholder Returns
CIPLA,2015-03,1,-1,1,Cash Accumulator
CIPLA,2016-03,1,-1,1,Cash Accumulator
CIPLA,2017-03,1,-1,-1,Shareholder Returns
CIPLA,2018-03,1,-1,-1,Shareholder Returns
CIPLA,2019-03,1,-1,-1,Shareholder Returns
CIPLA,2020-03,1,1,-1,Liquidating Assets
CIPLA,2021-03,1,-1,-1,Shareholder Returns
CIPLA,2022-03,1,-1,-1,Shareholder Returns
CIPLA,2023-03,1,-1,-1,Shareholder Returns
CIPLA,2024-03,1,-1,-1,Reinvestor
COALINDIA,2013-03,1,-1,-1,Reinvestor
COALINDIA,2014-03,1,1,-1,Liquidating Assets
COALINDIA,2015-03,1,1,-1,Liquidating Assets
COALINDIA,2016-03,1,1,-1,Liquidating Assets
COALINDIA,2017-03,1,1,-1,Liquidating Assets
COALINDIA,2018-03,1,-1,-1,Shareholder Returns
COALINDIA,2019-03,1,-1,-1,Reinvestor
COALINDIA,2020-03,1,1,-1,Liquidating Assets
COALINDIA,2021-03,1,1,-1,Liquidating Assets
COALINDIA,2022-03,1,-1,-1,Shareholder Returns
COALINDIA,2023-03,1,-1,-1,Shareholder Returns
COALINDIA,2024-03,1,-1,-1,Reinvestor
DABUR,2013-03,1,-1,-1,Shareholder Returns
DABUR,2014-03,1,-1,-1,Shareholder Returns
DABUR,2015-03,1,-1,-1,Reinvestor
DABUR,2016-03,1,-1,-1,Reinvestor
DABUR,2017-03,1,-1,-1,Reinvestor
DABUR,2018-03,1,-1,-1,Reinvestor
DABUR,2019-03,1,1,-1,Liquidating Assets
DABUR,2020-03,1,-1,-1,Shareholder Returns
DABUR,2021-03,1,-1,-1,Shareholder Returns
DABUR,2022-03,1,-1,-1,Shareholder Returns
DABUR,2023-03,1,-1,-1,Reinvestor
DABUR,2024-03,1,-1,-1,Shareholder Returns
DIVISLAB,2013-03,1,-1,-1,Reinvestor
DIVISLAB,2014-03,1,-1,-1,Reinvestor
DIVISLAB,2015-03,1,-1,-1,Reinvestor
DIVISLAB,2016-03,1,-1,-1,Reinvestor
DIVISLAB,2017-03,1,-1,1,Cash Accumulator
DIVISLAB,2018-03,1,-1,-1,Reinvestor
DIVISLAB,2019-03,1,-1,-1,Reinvestor
DIVISLAB,2020-03,1,-1,-1,Reinvestor
DIVISLAB,2021-03,1,1,-1,Liquidating Assets
DIVISLAB,2022-03,1,-1,-1,Reinvestor
DIVISLAB,2023-03,1,-1,-1,Shareholder Returns
DIVISLAB,2024-03,1,-1,-1,Reinvestor
DLF,2013-03,1,1,-1,Liquidating Assets
DLF,2014-03,1,1,-1,Liquidating Assets
DLF,2015-03,1,1,-1,Liquidating Assets
DLF,2016-03,1,-1,-1,Shareholder Returns
DLF,2017-03,-1,1,1,Distress Signal
DLF,2018-03,1,-1,-1,Reinvestor
DLF,2019-03,1,1,1,Cash Accumulator
DLF,2020-03,1,1,-1,Liquidating Assets
DLF,2021-03,1,1,-1,Liquidating Assets
DLF,2022-03,1,1,-1,Liquidating Assets
DLF,2023-03,1,-1,-1,Shareholder Returns
DLF,2024-03,1,-1,1,Cash Accumulator
DMART,2013-03,1,-1,1,Cash Accumulator
DMART,2014-03,1,-1,1,Cash Accumulator
DMART,2015-03,1,-1,1,Cash Accumulator
DMART,2016-03,1,-1,1,Cash Accumulator
DMART,2017-03,1,-1,1,Cash Accumulator
DMART,2018-03,1,1,-1,Liquidating Assets
DMART,2019-03,1,-1,1,Cash Accumulator
DMART,2020-03,1,-1,1,Cash Accumulator
DMART,2021-03,1,-1,-1,Shareholder Returns
DMART,2022-03,1,-1,-1,Reinvestor
DMART,2023-03,1,-1,-1,Shareholder Returns
DMART,2024-03,1,-1,-1,Shareholder Returns
DRREDDY,2013-03,1,-1,-1,Reinvestor
DRREDDY,2014-03,1,-1,-1,Shareholder Returns
DRREDDY,2015-03,1,-1,-1,Shareholder Returns
DRREDDY,2016-03,1,-1,-1,Shareholder Returns
DRREDDY,2017-03,1,-1,-1,Shareholder Returns
DRREDDY,2018-03,1,-1,-1,Shareholder Returns
DRREDDY,2019-03,1,-1,-1,Shareholder Returns
DRREDDY,2020-03,1,-1,-1,Shareholder Returns
DRREDDY,2021-03,1,-1,-1,Shareholder Returns
DRREDDY,2022-03,1,-1,-1,Shareholder Returns
DRREDDY,2023-03,1,-1,-1,Shareholder Returns
DRREDDY,2024-03,1,-1,-1,Reinvestor
EICHERMOT,2012-12,1,-1,-1,Shareholder Returns
EICHERMOT,2013-12,1,-1,-1,Shareholder Returns
EICHERMOT,2014-12,1,-1,-1,Shareholder Returns
EICHERMOT,2016-03,1,-1,-1,Shareholder Returns
EICHERMOT,2017-03,1,-1,1,Cash Accumulator
EICHERMOT,2018-03,1,-1,-1,Shareholder Returns
EICHERMOT,2019-03,1,-1,-1,Reinvestor
EICHERMOT,2020-03,1,-1,-1,Reinvestor
EICHERMOT,2021-03,1,-1,-1,Shareholder Returns
EICHERMOT,2022-03,1,-1,-1,Reinvestor
EICHERMOT,2023-03,1,-1,-1,Reinvestor
EICHERMOT,2024-03,1,-1,-1,Reinvestor
GAIL,2013-03,1,-1,1,Cash Accumulator
GAIL,2014-03,1,-1,-1,Reinvestor
GAIL,2015-03,1,-1,-1,Shareholder Returns
GAIL,2016-03,1,-1,-1,Shareholder Returns
GAIL,2017-03,1,-1,-1,Shareholder Returns
GAIL,2018-03,1,-1,-1,Shareholder Returns
GAIL,2019-03,1,-1,-1,Shareholder Returns
GAIL,2020-03,1,-1,1,Cash Accumulator
GAIL,2021-03,1,-1,-1,Shareholder Returns
GAIL,2022-03,1,-1,-1,Reinvestor
GAIL,2023-03,1,-1,1,Cash Accumulator
GAIL,2024-03,1,-1,-1,Shareholder Returns
GODREJCP,2013-03,1,-1,1,Cash Accumulator
GODREJCP,2014-03,1,-1,-1,Shareholder Returns
GODREJCP,2015-03,1,-1,-1,Shareholder Returns
GODREJCP,2016-03,1,-1,-1,Shareholder Returns
GODREJCP,2017-03,1,-1,1,Cash Accumulator
GODREJCP,2018-03,1,-1,-1,Shareholder Returns
GODREJCP,2019-03,1,1,-1,Liquidating Assets
GODREJCP,2020-03,1,-1,-1,Shareholder Returns
GODREJCP,2021-03,1,-1,-1,Shareholder Returns
GODREJCP,2022-03,1,-1,-1,Reinvestor
GODREJCP,2023-03,1,-1,-1,Shareholder Returns
GODREJCP,2024-03,1,-1,1,Cash Accumulator
GRASIM,2013-03,1,-1,1,Cash Accumulator
GRASIM,2014-03,1,-1,-1,Shareholder Returns
GRASIM,2015-03,1,-1,-1,Shareholder Returns
GRASIM,2016-03,1,-1,-1,Shareholder Returns
GRASIM,2017-03,1,-1,-1,Shareholder Returns
GRASIM,2018-03,-1,1,1,Distress Signal
GRASIM,2019-03,-1,-1,1,Growth Funded by Debt
GRASIM,2020-03,1,-1,-1,Shareholder Returns
GRASIM,2021-03,1,-1,-1,Shareholder Returns
GRASIM,2022-03,1,-1,-1,Reinvestor
GRASIM,2023-03,-1,-1,1,Growth Funded by Debt
GRASIM,2024-03,-1,-1,1,Growth Funded by Debt
HAL,2013-03,-1,-1,-1,Pre-Revenue
HAL,2014-03,-1,-1,-1,Pre-Revenue
HAL,2015-03,-1,-1,-1,Pre-Revenue
HAL,2016-03,-1,-1,-1,Pre-Revenue
HAL,2017-03,-1,1,-1,Mixed
HAL,2018-03,-1,1,-1,Mixed
HAL,2019-03,-1,1,1,Distress Signal
HAL,2020-03,1,-1,1,Cash Accumulator
HAL,2021-03,1,-1,-1,Shareholder Returns
HAL,2022-03,1,-1,-1,Shareholder Returns
HAL,2023-03,1,-1,-1,Shareholder Returns
HAL,2024-03,1,-1,-1,Shareholder Returns
HAVELLS,2013-03,1,-1,-1,Shareholder Returns
HAVELLS,2014-03,1,-1,-1,Shareholder Returns
HAVELLS,2015-03,1,-1,-1,Shareholder Returns
HAVELLS,2016-03,1,-1,-1,Reinvestor
HAVELLS,2017-03,1,-1,-1,Shareholder Returns
HAVELLS,2018-03,1,-1,-1,Shareholder Returns
HAVELLS,2019-03,1,1,-1,Liquidating Assets
HAVELLS,2020-03,1,-1,-1,Shareholder Returns
HAVELLS,2021-03,1,-1,1,Cash Accumulator
HAVELLS,2022-03,1,-1,-1,Shareholder Returns
HAVELLS,2023-03,1,1,-1,Liquidating Assets
HAVELLS,2024-03,1,-1,-1,Shareholder Returns
HCLTECH,2013-06,1,-1,-1,Shareholder Returns
HCLTECH,2014-06,1,-1,-1,Reinvestor
HCLTECH,2015-06,1,-1,-1,Reinvestor
HCLTECH,2017-03,1,-1,-1,Shareholder Returns
HCLTECH,2018-03,1,-1,-1,Reinvestor
HCLTECH,2019-03,1,-1,-1,Reinvestor
HCLTECH,2020-03,1,-1,-1,Shareholder Returns
HCLTECH,2021-03,1,-1,-1,Shareholder Returns
HCLTECH,2022-03,1,1,-1,Liquidating Assets
HCLTECH,2023-03,1,-1,-1,Shareholder Returns
HCLTECH,2024-03,1,-1,-1,Shareholder Returns
HDFCBANK,2013-03,-1,-1,1,Growth Funded by Debt
HDFCBANK,2014-03,1,-1,1,Cash Accumulator
HDFCBANK,2015-03,-1,-1,1,Growth Funded by Debt
HDFCBANK,2016-03,-1,-1,1,Growth Funded by Debt
HDFCBANK,2017-03,1,-1,-1,Shareholder Returns
HDFCBANK,2018-03,1,-1,1,Cash Accumulator
HDFCBANK,2019-03,-1,-1,1,Growth Funded by Debt
HDFCBANK,2020-03,-1,-1,1,Growth Funded by Debt
HDFCBANK,2021-03,1,-1,-1,Shareholder Returns
HDFCBANK,2022-03,-1,-1,1,Growth Funded by Debt
HDFCBANK,2023-03,1,-1,1,Cash Accumulator
HDFCBANK,2024-03,1,1,-1,Liquidating Assets
HDFCLIFE,2013-03,-1,-1,-1,Pre-Revenue
HDFCLIFE,2014-03,-1,-1,-1,Pre-Revenue
HDFCLIFE,2015-03,1,-1,-1,Shareholder Returns
HDFCLIFE,2016-03,1,-1,-1,Shareholder Returns
HDFCLIFE,2017-03,1,-1,-1,Shareholder Returns
HDFCLIFE,2018-03,1,-1,-1,Shareholder Returns
HDFCLIFE,2019-03,1,-1,-1,Shareholder Returns
HDFCLIFE,2020-03,1,-1,1,Cash Accumulator
HDFCLIFE,2021-03,1,-1,1,Cash Accumulator
HDFCLIFE,2022-03,1,-1,-1,Shareholder Returns
HDFCLIFE,2023-03,1,-1,1,Cash Accumulator
HDFCLIFE,2024-03,1,-1,-1,Shareholder Returns
HEROMOTOCO,2014-03,1,-1,-1,Shareholder Returns
HEROMOTOCO,2015-03,1,1,-1,Liquidating Assets
HEROMOTOCO,2016-03,1,-1,-1,Shareholder Returns
HEROMOTOCO,2017-03,1,-1,-1,Shareholder Returns
HEROMOTOCO,2018-03,1,-1,-1,Shareholder Returns
HEROMOTOCO,2019-03,1,1,-1,Liquidating Assets
HEROMOTOCO,2020-03,1,-1,-1,Shareholder Returns
HEROMOTOCO,2021-03,1,-1,-1,Shareholder Returns
HEROMOTOCO,2022-03,1,-1,-1,Reinvestor
HEROMOTOCO,2023-03,1,-1,-1,Reinvestor
HEROMOTOCO,2024-03,1,-1,-1,Shareholder Returns
HINDALCO,2013-03,1,-1,1,Cash Accumulator
HINDALCO,2014-03,1,-1,1,Cash Accumulator
HINDALCO,2015-03,1,-1,-1,Shareholder Returns
HINDALCO,2016-03,1,-1,-1,Reinvestor
HINDALCO,2017-03,1,-1,-1,Shareholder Returns
HINDALCO,2018-03,1,1,-1,Liquidating Assets
HINDALCO,2019-03,1,-1,-1,Shareholder Returns
HINDALCO,2020-03,1,-1,1,Cash Accumulator
HINDALCO,2021-03,1,-1,-1,Shareholder Returns
HINDALCO,2022-03,1,-1,-1,Shareholder Returns
HINDALCO,2023-03,1,-1,-1,Shareholder Returns
HINDALCO,2024-03,1,-1,-1,Shareholder Returns
HINDUNILVR,2013-03,1,1,-1,Liquidating Assets
HINDUNILVR,2014-03,1,-1,-1,Reinvestor
HINDUNILVR,2015-03,1,1,-1,Liquidating Assets
HINDUNILVR,2016-03,1,-1,-1,Shareholder Returns
HINDUNILVR,2017-03,1,-1,-1,Shareholder Returns
HINDUNILVR,2018-03,1,-1,-1,Shareholder Returns
HINDUNILVR,2019-03,1,-1,-1,Reinvestor
HINDUNILVR,2020-03,1,1,-1,Liquidating Assets
HINDUNILVR,2021-03,1,-1,-1,Shareholder Returns
HINDUNILVR,2022-03,1,-1,-1,Shareholder Returns
HINDUNILVR,2023-03,1,-1,-1,Reinvestor
HINDUNILVR,2024-03,1,-1,-1,Shareholder Returns
ICICIBANK,2013-03,1,-1,1,Cash Accumulator
ICICIBANK,2014-03,1,-1,1,Cash Accumulator
ICICIBANK,2015-03,-1,-1,1,Growth Funded by Debt
ICICIBANK,2016-03,1,-1,1,Cash Accumulator
ICICIBANK,2017-03,1,-1,-1,Shareholder Returns
ICICIBANK,2018-03,1,-1,1,Cash Accumulator
ICICIBANK,2019-03,1,-1,-1,Shareholder Returns
ICICIBANK,2020-03,1,-1,1,Cash Accumulator
ICICIBANK,2021-03,1,-1,-1,Shareholder Returns
ICICIBANK,2022-03,1,-1,1,Cash Accumulator
ICICIBANK,2023-03,-1,-1,1,Growth Funded by Debt
ICICIBANK,2024-03,1,-1,1,Cash Accumulator
ICICIGI,2013-03,1,-1,1,Cash Accumulator
ICICIGI,2014-03,1,-1,1,Cash Accumulator
ICICIGI,2015-03,-1,1,-1,Mixed
ICICIGI,2016-03,1,-1,-1,Shareholder Returns
ICICIGI,2017-03,1,-1,1,Cash Accumulator
ICICIGI,2018-03,1,-1,-1,Shareholder Returns
ICICIGI,2019-03,1,-1,-1,Shareholder Returns
ICICIGI,2020-03,1,-1,-1,Shareholder Returns
ICICIGI,2021-03,1,-1,-1,Shareholder Returns
ICICIGI,2022-03,1,1,-1,Liquidating Assets
ICICIGI,2023-03,1,-1,-1,Shareholder Returns
ICICIGI,2024-03,1,-1,-1,Shareholder Returns
ICICIPRULI,2013-03,-1,1,-1,Mixed
ICICIPRULI,2014-03,-1,1,-1,Mixed
ICICIPRULI,2015-03,1,-1,-1,Reinvestor
ICICIPRULI,2016-03,1,1,-1,Liquidating Assets
ICICIPRULI,2017-03,1,-1,-1,Shareholder Returns
ICICIPRULI,2018-03,1,-1,-1,Shareholder Returns
ICICIPRULI,2019-03,1,-1,-1,Shareholder Returns
ICICIPRULI,2020-03,1,-1,-1,Shareholder Returns
ICICIPRULI,2021-03,1,-1,1,Cash Accumulator
ICICIPRULI,2022-03,1,-1,-1,Shareholder Returns
ICICIPRULI,2023-03,1,-1,-1,Reinvestor
ICICIPRULI,2024-03,-1,1,-1,Mixed
INDIGO,2013-03,1,-1,1,Cash Accumulator
INDIGO,2014-03,1,-1,1,Cash Accumulator
INDIGO,2015-03,1,-1,-1,Shareholder Returns
INDIGO,2016-03,1,-1,-1,Shareholder Returns
INDIGO,2017-03,1,-1,-1,Shareholder Returns
INDIGO,2018-03,1,-1,1,Cash Accumulator
INDIGO,2019-03,1,-1,-1,Shareholder Returns
INDIGO,2020-03,1,-1,-1,Reinvestor
INDIGO,2021-03,-1,1,-1,Mixed
INDIGO,2022-03,1,1,-1,Liquidating Assets
INDIGO,2023-03,1,-1,-1,Reinvestor
INDIGO,2024-03,1,-1,-1,Shareholder Returns
INDUSINDBK,2013-03,-1,-1,1,Growth Funded by Debt
INDUSINDBK,2014-03,-1,-1,1,Growth Funded by Debt
INDUSINDBK,2015-03,-1,-1,1,Growth Funded by Debt
INDUSINDBK,2016-03,-1,-1,1,Growth Funded by Debt
INDUSINDBK,2017-03,1,-1,-1,Shareholder Returns
INDUSINDBK,2018-03,-1,-1,1,Growth Funded by Debt
INDUSINDBK,2019-03,-1,-1,1,Growth Funded by Debt
INDUSINDBK,2020-03,-1,1,1,Distress Signal
INDUSINDBK,2021-03,1,-1,-1,Shareholder Returns
INDUSINDBK,2022-03,1,-1,-1,Shareholder Returns
INDUSINDBK,2023-03,-1,-1,1,Growth Funded by Debt
INDUSINDBK,2024-03,-1,-1,-1,Pre-Revenue
INFY,2013-03,1,-1,-1,Reinvestor
INFY,2014-03,1,-1,-1,Reinvestor
INFY,2015-03,1,1,-1,Liquidating Assets
INFY,2016-03,1,-1,-1,Reinvestor
INFY,2017-03,1,-1,-1,Reinvestor
INFY,2018-03,1,1,-1,Liquidating Assets
INFY,2019-03,1,-1,-1,Reinvestor
INFY,2020-03,1,-1,-1,Shareholder Returns
INFY,2021-03,1,-1,-1,Shareholder Returns
INFY,2022-03,1,-1,-1,Shareholder Returns
INFY,2023-03,1,-1,-1,Reinvestor
INFY,2024-03,1,-1,-1,Reinvestor
IOC,2013-03,1,-1,1,Cash Accumulator
IOC,2014-03,1,-1,-1,Shareholder Returns
IOC,2015-03,1,-1,-1,Shareholder Returns
IOC,2016-03,1,-1,-1,Shareholder Returns
IOC,2017-03,1,-1,-1,Shareholder Returns
IOC,2018-03,1,-1,-1,Shareholder Returns
IOC,2019-03,1,-1,1,Cash Accumulator
IOC,2020-03,1,-1,1,Cash Accumulator
IOC,2021-03,1,-1,-1,Shareholder Returns
IOC,2022-03,1,-1,-1,Shareholder Returns
IOC,2023-03,1,-1,-1,Shareholder Returns
IOC,2024-03,1,-1,-1,Shareholder Returns
IRCTC,2015-03,1,-1,-1,Reinvestor
IRCTC,2016-03,1,1,-1,Liquidating Assets
IRCTC,2017-03,1,1,-1,Liquidating Assets
IRCTC,2018-03,1,1,-1,Liquidating Assets
IRCTC,2019-03,1,-1,-1,Shareholder Returns
IRCTC,2020-03,1,1,-1,Liquidating Assets
IRCTC,2021-03,1,-1,-1,Shareholder Returns
IRCTC,2022-03,1,-1,-1,Reinvestor
IRCTC,2023-03,1,-1,-1,Reinvestor
IRCTC,2024-03,1,-1,-1,Reinvestor
IRFC,2013-03,-1,-1,-1,Pre-Revenue
IRFC,2014-03,-1,-1,-1,Pre-Revenue
IRFC,2015-03,-1,-1,-1,Pre-Revenue
IRFC,2016-03,-1,1,1,Distress Signal
IRFC,2017-03,-1,1,1,Distress Signal
IRFC,2018-03,-1,1,1,Distress Signal
IRFC,2019-03,-1,1,1,Distress Signal
IRFC,2020-03,-1,1,1,Distress Signal
IRFC,2021-03,-1,1,1,Distress Signal
IRFC,2022-03,-1,-1,1,Growth Funded by Debt
IRFC,2023-03,-1,1,1,Distress Signal
IRFC,2024-03,1,-1,-1,Shareholder Returns
ITC,2013-03,1,-1,-1,Reinvestor
ITC,2014-03,1,-1,-1,Reinvestor
ITC,2015-03,1,-1,-1,Shareholder Returns
ITC,2016-03,1,-1,-1,Shareholder Returns
ITC,2017-03,1,-1,-1,Shareholder Returns
ITC,2018-03,1,-1,-1,Shareholder Returns
ITC,2019-03,1,-1,-1,Reinvestor
ITC,2020-03,1,-1,-1,Reinvestor
ITC,2021-03,1,1,-1,Liquidating Assets
ITC,2022-03,1,-1,-1,Shareholder Returns
ITC,2023-03,1,-1,-1,Reinvestor
ITC,2024-03,1,1,-1,Liquidating Assets
JINDALSTEL,2013-03,1,-1,1,Cash Accumulator
JINDALSTEL,2014-03,1,-1,1,Cash Accumulator
JINDALSTEL,2015-03,1,-1,1,Cash Accumulator
JINDALSTEL,2016-03,1,-1,-1,Reinvestor
JINDALSTEL,2017-03,1,-1,-1,Reinvestor
JINDALSTEL,2018-03,1,-1,-1,Reinvestor
JINDALSTEL,2019-03,1,-1,-1,Reinvestor
JINDALSTEL,2020-03,1,-1,-1,Reinvestor
JINDALSTEL,2021-03,1,-1,-1,Shareholder Returns
JINDALSTEL,2022-03,1,-1,-1,Shareholder Returns
JINDALSTEL,2023-03,1,-1,-1,Shareholder Returns
JINDALSTEL,2024-03,1,-1,1,Cash Accumulator
JIOFIN,2023-03,1,-1,-1,Shareholder Returns
JIOFIN,2024-03,-1,1,-1,Mixed
JSWENERGY,2013-03,1,-1,-1,Shareholder Returns
JSWENERGY,2014-03,1,-1,-1,Shareholder Returns
JSWENERGY,2015-03,1,-1,-1,Shareholder Returns
JSWENERGY,2016-03,1,-1,-1,Shareholder Returns
JSWENERGY,2017-03,1,-1,-1,Shareholder Returns
JSWENERGY,2018-03,1,-1,-1,Shareholder Returns
JSWENERGY,2019-03,1,-1,-1,Shareholder Returns
JSWENERGY,2020-03,1,1,-1,Liquidating Assets
JSWENERGY,2021-03,1,-1,-1,Shareholder Returns
JSWENERGY,2022-03,1,-1,-1,Shareholder Returns
JSWENERGY,2023-03,1,-1,1,Cash Accumulator
JSWENERGY,2024-03,1,-1,1,Cash Accumulator
JSWSTEEL,2013-03,1,-1,-1,Shareholder Returns
JSWSTEEL,2014-03,1,-1,1,Cash Accumulator
JSWSTEEL,2015-03,1,-1,-1,Shareholder Returns
JSWSTEEL,2016-03,1,-1,-1,Reinvestor
JSWSTEEL,2017-03,1,-1,-1,Shareholder Returns
JSWSTEEL,2018-03,1,-1,-1,Shareholder Returns
JSWSTEEL,2019-03,1,-1,1,Cash Accumulator
JSWSTEEL,2020-03,1,-1,1,Cash Accumulator
JSWSTEEL,2021-03,1,-1,-1,Shareholder Returns
JSWSTEEL,2022-03,1,-1,-1,Shareholder Returns
JSWSTEEL,2023-03,1,-1,-1,Shareholder Returns
JSWSTEEL,2024-03,1,-1,-1,Shareholder Returns
KOTAKBANK,2013-03,1,-1,1,Cash Accumulator
KOTAKBANK,2014-03,1,-1,-1,Shareholder Returns
KOTAKBANK,2015-03,1,-1,1,Cash Accumulator
KOTAKBANK,2016-03,1,-1,1,Cash Accumulator
KOTAKBANK,2017-03,1,-1,1,Cash Accumulator
KOTAKBANK,2018-03,-1,-1,1,Growth Funded by Debt
KOTAKBANK,2019-03,1,-1,1,Cash Accumulator
KOTAKBANK,2020-03,1,-1,-1,Shareholder Returns
KOTAKBANK,2021-03,1,-1,-1,Reinvestor
KOTAKBANK,2022-03,1,-1,1,Cash Accumulator
KOTAKBANK,2023-03,-1,-1,1,Growth Funded by Debt
KOTAKBANK,2024-03,1,-1,1,Cash Accumulator
LICI,2019-03,1,1,-1,Liquidating Assets
LICI,2020-03,1,-1,-1,Shareholder Returns
LICI,2021-03,1,1,-1,Liquidating Assets
LICI,2022-03,-1,1,1,Distress Signal
LICI,2023-03,1,-1,-1,Shareholder Returns
LICI,2024-03,1,-1,-1,Reinvestor
LODHA,2011-03,-1,-1,-1,Pre-Revenue
LODHA,2012-03,-1,-1,-1,Pre-Revenue
LODHA,2015-03,-1,-1,-1,Pre-Revenue
LODHA,2016-03,1,-1,1,Cash Accumulator
LODHA,2017-03,1,-1,-1,Shareholder Returns
LODHA,2018-03,1,-1,1,Cash Accumulator
LODHA,2019-03,-1,-1,1,Growth Funded by Debt
LODHA,2020-03,1,1,-1,Liquidating Assets
LODHA,2021-03,1,1,-1,Liquidating Assets
LODHA,2022-03,1,1,-1,Liquidating Assets
LODHA,2023-03,1,1,-1,Liquidating Assets
LODHA,2024-03,1,-1,1,Cash Accumulator
LT,2013-03,-1,-1,1,Growth Funded by Debt
LT,2014-03,-1,-1,1,Growth Funded by Debt
LT,2015-03,-1,-1,1,Growth Funded by Debt
LT,2016-03,-1,-1,1,Growth Funded by Debt
LT,2017-03,1,-1,1,Cash Accumulator
LT,2018-03,-1,1,1,Distress Signal
LT,2019-03,-1,-1,1,Growth Funded by Debt
LT,2020-03,1,-1,1,Cash Accumulator
LT,2021-03,1,-1,-1,Shareholder Returns
LT,2022-03,1,-1,-1,Shareholder Returns
LT,2023-03,1,-1,-1,Shareholder Returns
LT,2024-03,1,1,-1,Liquidating Assets
LTIM,2013-03,1,-1,-1,Shareholder Returns
LTIM,2014-03,1,1,-1,Liquidating Assets
LTIM,2015-03,1,-1,-1,Reinvestor
LTIM,2016-03,1,-1,-1,Shareholder Returns
LTIM,2017-03,1,-1,-1,Shareholder Returns
LTIM,2018-03,1,-1,-1,Reinvestor
LTIM,2019-03,1,-1,-1,Reinvestor
LTIM,2020-03,1,-1,-1,Shareholder Returns
LTIM,2021-03,1,-1,-1,Shareholder Returns
LTIM,2022-03,1,-1,-1,Reinvestor
LTIM,2023-03,1,-1,-1,Reinvestor
LTIM,2024-03,1,-1,-1,Shareholder Returns
M&M,2013-03,-1,-1,1,Growth Funded by Debt
M&M,2014-03,-1,-1,1,Growth Funded by Debt
M&M,2015-03,1,-1,1,Cash Accumulator
M&M,2016-03,1,-1,1,Cash Accumulator
M&M,2017-03,1,-1,1,Cash Accumulator
M&M,2018-03,1,-1,1,Cash Accumulator
M&M,2019-03,-1,-1,1,Growth Funded by Debt
M&M,2020-03,-1,-1,1,Growth Funded by Debt
M&M,2021-03,1,-1,1,Cash Accumulator
M&M,2022-03,1,-1,-1,Shareholder Returns
M&M,2023-03,-1,-1,1,Growth Funded by Debt
M&M,2024-03,-1,-1,1,Growth Funded by Debt
MARUTI,2013-03,1,-1,-1,Shareholder Returns
MARUTI,2014-03,1,-1,-1,Shareholder Returns
MARUTI,2015-03,1,-1,-1,Shareholder Returns
MARUTI,2016-03,1,-1,-1,Shareholder Returns
MARUTI,2017-03,1,-1,-1,Shareholder Returns
MARUTI,2018-03,1,-1,-1,Shareholder Returns
MARUTI,2019-03,1,-1,-1,Reinvestor
MARUTI,2020-03,1,-1,-1,Reinvestor
MARUTI,2021-03,1,-1,-1,Shareholder Returns
MARUTI,2022-03,1,-1,-1,Reinvestor
MARUTI,2023-03,1,-1,-1,Shareholder Returns
MARUTI,2024-03,1,-1,-1,Shareholder Returns
MOTHERSON,2013-03,1,-1,-1,Shareholder Returns
MOTHERSON,2014-03,1,-1,-1,Shareholder Returns
MOTHERSON,2015-03,1,-1,1,Cash Accumulator
MOTHERSON,2016-03,1,-1,-1,Shareholder Returns
MOTHERSON,2017-03,1,-1,1,Cash Accumulator
MOTHERSON,2018-03,1,-1,-1,Shareholder Returns
MOTHERSON,2019-03,1,-1,-1,Shareholder Returns
MOTHERSON,2020-03,1,-1,-1,Shareholder Returns
MOTHERSON,2021-03,1,-1,-1,Shareholder Returns
MOTHERSON,2022-03,1,-1,-1,Shareholder Returns
MOTHERSON,2023-03,1,-1,-1,Shareholder Returns
MOTHERSON,2024-03,1,-1,1,Cash Accumulator
NAUKRI,2013-03,1,-1,-1,Reinvestor
NAUKRI,2014-03,1,-1,1,Cash Accumulator
NAUKRI,2015-03,1,-1,1,Cash Accumulator
NAUKRI,2016-03,1,-1,-1,Reinvestor
NAUKRI,2017-03,1,-1,-1,Reinvestor
NAUKRI,2018-03,1,-1,-1,Reinvestor
NAUKRI,2019-03,1,-1,-1,Reinvestor
NAUKRI,2020-03,1,1,-1,Liquidating Assets
NAUKRI,2021-03,1,-1,1,Cash Accumulator
NAUKRI,2022-03,1,-1,1,Cash Accumulator
NAUKRI,2023-03,1,-1,1,Cash Accumulator
NAUKRI,2024-03,1,-1,1,Cash Accumulator
NESTLEIND,2013-12,1,-1,-1,Shareholder Returns
NESTLEIND,2014-12,1,-1,-1,Shareholder Returns
NESTLEIND,2015-12,1,-1,-1,Shareholder Returns
NESTLEIND,2016-12,1,-1,-1,Shareholder Returns
NESTLEIND,2017-12,1,-1,-1,Shareholder Returns
NESTLEIND,2018-12,1,-1,-1,Shareholder Returns
NESTLEIND,2019-12,1,1,-1,Liquidating Assets
NESTLEIND,2020-12,1,-1,-1,Shareholder Returns
NESTLEIND,2021-12,1,-1,-1,Shareholder Returns
NESTLEIND,2022-12,1,-1,-1,Shareholder Returns
NESTLEIND,2023-12,1,-1,-1,Shareholder Returns
NESTLEIND,2024-03,1,-1,-1,Shareholder Returns
NHPC,2013-03,1,-1,-1,Reinvestor
NHPC,2014-03,1,-1,-1,Shareholder Returns
NHPC,2015-03,1,-1,-1,Shareholder Returns
NHPC,2016-03,1,-1,-1,Shareholder Returns
NHPC,2017-03,1,-1,-1,Shareholder Returns
NHPC,2018-03,1,-1,-1,Shareholder Returns
NHPC,2019-03,1,-1,-1,Shareholder Returns
NHPC,2020-03,1,-1,1,Cash Accumulator
NHPC,2021-03,1,-1,-1,Shareholder Returns
NHPC,2022-03,1,-1,-1,Shareholder Returns
NHPC,2023-03,1,-1,-1,Shareholder Returns
NHPC,2024-03,1,-1,-1,Shareholder Returns
NTPC,2013-03,1,-1,1,Cash Accumulator
NTPC,2014-03,1,-1,-1,Shareholder Returns
NTPC,2015-03,1,-1,-1,Shareholder Returns
NTPC,2016-03,1,-1,-1,Shareholder Returns
NTPC,2017-03,1,-1,1,Cash Accumulator
NTPC,2018-03,1,-1,1,Cash Accumulator
NTPC,2019-03,1,-1,1,Cash Accumulator
NTPC,2020-03,1,-1,1,Cash Accumulator
NTPC,2021-03,1,-1,-1,Shareholder Returns
NTPC,2022-03,1,-1,-1,Shareholder Returns
NTPC,2023-03,1,-1,-1,Shareholder Returns
NTPC,2024-03,1,-1,-1,Shareholder Returns
ONGC,2013-03,1,-1,-1,Shareholder Returns
ONGC,2014-03,1,-1,1,Cash Accumulator
ONGC,2015-03,1,-1,-1,Shareholder Returns
ONGC,2016-03,1,-1,-1,Shareholder Returns
ONGC,2017-03,1,-1,-1,Shareholder Returns
ONGC,2018-03,1,-1,1,Cash Accumulator
ONGC,2019-03,1,-1,-1,Shareholder Returns
ONGC,2020-03,1,-1,-1,Shareholder Returns
ONGC,2021-03,1,-1,-1,Shareholder Returns
ONGC,2022-03,1,-1,-1,Shareholder Returns
ONGC,2023-03,1,-1,-1,Shareholder Returns
ONGC,2024-03,1,-1,-1,Shareholder Returns
PFC,2013-03,-1,1,1,Distress Signal
PFC,2014-03,-1,1,1,Distress Signal
PFC,2015-03,-1,-1,1,Growth Funded by Debt
PFC,2016-03,-1,-1,1,Growth Funded by Debt
PFC,2017-03,1,-1,1,Cash Accumulator
PFC,2018-03,-1,1,1,Distress Signal
PFC,2019-03,-1,-1,1,Growth Funded by Debt
PFC,2020-03,-1,-1,1,Growth Funded by Debt
PFC,2021-03,-1,1,1,Distress Signal
PFC,2022-03,1,-1,-1,Reinvestor
PFC,2023-03,-1,-1,1,Growth Funded by Debt
PFC,2024-03,-1,-1,1,Growth Funded by Debt
PIDILITIND,2013-03,1,-1,-1,Shareholder Returns
PIDILITIND,2014-03,1,-1,-1,Reinvestor
PIDILITIND,2015-03,1,-1,-1,Shareholder Returns
PIDILITIND,2016-03,1,-1,-1,Shareholder Returns
PIDILITIND,2017-03,1,-1,1,Cash Accumulator
PIDILITIND,2018-03,1,1,-1,Liquidating Assets
PIDILITIND,2019-03,1,-1,-1,Reinvestor
PIDILITIND,2020-03,1,1,-1,Liquidating Assets
PIDILITIND,2021-03,1,-1,-1,Shareholder Returns
PIDILITIND,2022-03,1,-1,-1,Reinvestor
PIDILITIND,2023-03,1,-1,-1,Shareholder Returns
PIDILITIND,2024-03,1,-1,-1,Shareholder Returns
PNB,2013-03,-1,-1,-1,Pre-Revenue
PNB,2014-03,1,-1,1,Cash Accumulator
PNB,2015-03,1,-1,1,Cash Accumulator
PNB,2016-03,1,-1,1,Cash Accumulator
PNB,2017-03,1,1,-1,Liquidating Assets
PNB,2018-03,-1,1,1,Distress Signal
PNB,2019-03,-1,-1,1,Growth Funded by Debt
PNB,2020-03,-1,-1,1,Growth Funded by Debt
PNB,2021-03,1,-1,1,Cash Accumulator
PNB,2022-03,1,-1,1,Cash Accumulator
PNB,2023-03,1,-1,1,Cash Accumulator
PNB,2024-03,-1,-1,1,Growth Funded by Debt
POWERGRID,2013-03,1,-1,1,Cash Accumulator
POWERGRID,2014-03,1,-1,1,Cash Accumulator
POWERGRID,2015-03,1,-1,1,Cash Accumulator
POWERGRID,2016-03,1,-1,1,Cash Accumulator
POWERGRID,2017-03,1,-1,1,Cash Accumulator
POWERGRID,2018-03,1,-1,1,Cash Accumulator
POWERGRID,2019-03,1,-1,-1,Shareholder Returns
POWERGRID,2020-03,1,-1,-1,Shareholder Returns
POWERGRID,2021-03,1,-1,-1,Shareholder Returns
POWERGRID,2022-03,1,1,-1,Liquidating Assets
POWERGRID,2023-03,1,-1,-1,Shareholder Returns
POWERGRID,2024-03,1,-1,-1,Shareholder Returns
RECLTD,2013-03,-1,1,1,Distress Signal
RECLTD,2014-03,-1,1,1,Distress Signal
RECLTD,2015-03,-1,1,1,Distress Signal
RECLTD,2016-03,-1,-1,1,Growth Funded by Debt
RECLTD,2017-03,1,-1,-1,Shareholder Returns
RECLTD,2018-03,-1,1,1,Distress Signal
RECLTD,2019-03,-1,1,1,Distress Signal
RECLTD,2020-03,-1,1,1,Distress Signal
RECLTD,2021-03,-1,1,1,Distress Signal
RECLTD,2022-03,-1,-1,1,Growth Funded by Debt
RECLTD,2023-03,-1,-1,1,Growth Funded by Debt
RECLTD,2024-03,-1,-1,1,Growth Funded by Debt
RELIANCE,2013-03,1,-1,1,Cash Accumulator
RELIANCE,2014-03,1,-1,1,Cash Accumulator
RELIANCE,2015-03,1,-1,1,Cash Accumulator
RELIANCE,2016-03,1,-1,-1,Shareholder Returns
RELIANCE,2017-03,1,-1,1,Cash Accumulator
RELIANCE,2018-03,1,-1,-1,Shareholder Returns
RELIANCE,2019-03,1,-1,1,Cash Accumulator
RELIANCE,2020-03,1,-1,-1,Shareholder Returns
RELIANCE,2021-03,1,-1,1,Cash Accumulator
RELIANCE,2022-03,1,-1,1,Cash Accumulator
RELIANCE,2023-03,1,-1,1,Cash Accumulator
RELIANCE,2024-03,1,-1,-1,Shareholder Returns
SBILIFE,2013-03,1,-1,-1,Shareholder Returns
SBILIFE,2014-03,1,-1,-1,Reinvestor
SBILIFE,2015-03,1,-1,-1,Shareholder Returns
SBILIFE,2016-03,1,-1,-1,Shareholder Returns
SBILIFE,2017-03,1,-1,-1,Shareholder Returns
SBILIFE,2018-03,1,-1,-1,Shareholder Returns
SBILIFE,2019-03,1,-1,-1,Shareholder Returns
SBILIFE,2020-03,1,-1,-1,Shareholder Returns
SBILIFE,2021-03,1,-1,1,Cash Accumulator
SBILIFE,2022-03,1,-1,-1,Shareholder Returns
SBILIFE,2023-03,1,-1,-1,Shareholder Returns
SBILIFE,2024-03,1,-1,-1,Shareholder Returns
SBIN,2013-03,1,-1,-1,Shareholder Returns
SBIN,2014-03,1,-1,1,Cash Accumulator
SBIN,2015-03,1,-1,-1,Shareholder Returns
SBIN,2016-03,1,-1,1,Cash Accumulator
SBIN,2017-03,1,-1,-1,Reinvestor
SBIN,2018-03,-1,1,1,Distress Signal
SBIN,2019-03,1,1,1,Cash Accumulator
SBIN,2020-03,1,-1,1,Cash Accumulator
SBIN,2021-03,1,-1,1,Cash Accumulator
SBIN,2022-03,1,-1,-1,Shareholder Returns
SBIN,2023-03,-1,-1,1,Growth Funded by Debt
SBIN,2024-03,1,-1,-1,Reinvestor
SHREECEM,2013-06,1,-1,-1,Shareholder Returns
SHREECEM,2014-06,1,-1,-1,Shareholder Returns
SHREECEM,2015-06,1,-1,-1,Shareholder Returns
SHREECEM,2017-03,1,-1,-1,Shareholder Returns
SHREECEM,2018-03,1,-1,1,Cash Accumulator
SHREECEM,2019-03,1,-1,-1,Shareholder Returns
SHREECEM,2020-03,1,-1,1,Cash Accumulator
SHREECEM,2021-03,1,-1,-1,Shareholder Returns
SHREECEM,2022-03,1,-1,-1,Shareholder Returns
SHREECEM,2023-03,1,-1,-1,Shareholder Returns
SHREECEM,2024-03,1,-1,-1,Shareholder Returns
SHRIRAMFIN,2013-03,-1,-1,1,Growth Funded by Debt
SHRIRAMFIN,2014-03,-1,-1,1,Growth Funded by Debt
SHRIRAMFIN,2015-03,-1,-1,1,Growth Funded by Debt
SHRIRAMFIN,2016-03,-1,-1,1,Growth Funded by Debt
SHRIRAMFIN,2017-03,-1,-1,1,Growth Funded by Debt
SHRIRAMFIN,2018-03,-1,1,1,Distress Signal
SHRIRAMFIN,2019-03,-1,-1,1,Growth Funded by Debt
SHRIRAMFIN,2020-03,-1,-1,1,Growth Funded by Debt
SHRIRAMFIN,2021-03,-1,-1,1,Growth Funded by Debt
SHRIRAMFIN,2022-03,-1,-1,1,Growth Funded by Debt
SHRIRAMFIN,2023-03,-1,1,1,Distress Signal
SHRIRAMFIN,2024-03,-1,-1,1,Growth Funded by Debt
SIEMENS,2011-09,1,1,-1,Liquidating Assets
SIEMENS,2014-09,1,1,-1,Liquidating Assets
SIEMENS,2015-09,1,1,-1,Liquidating Assets
SIEMENS,2016-09,1,1,-1,Liquidating Assets
SIEMENS,2017-09,1,1,-1,Liquidating Assets
SIEMENS,2018-09,1,-1,-1,Reinvestor
SIEMENS,2019-09,1,-1,-1,Shareholder Returns
SIEMENS,2020-09,1,1,-1,Liquidating Assets
SIEMENS,2021-09,1,-1,-1,Shareholder Returns
SIEMENS,2022-09,1,-1,-1,Reinvestor
SIEMENS,2023-09,1,-1,-1,Reinvestor
SIEMENS,2024-09,1,-1,-1,Reinvestor
SUNPHARMA,2013-03,1,-1,-1,Reinvestor
SUNPHARMA,2014-03,1,-1,1,Cash Accumulator
SUNPHARMA,2015-03,1,-1,-1,Shareholder Returns
SUNPHARMA,2016-03,1,-1,-1,Shareholder Returns
SUNPHARMA,2017-03,1,-1,-1,Reinvestor
SUNPHARMA,2018-03,1,-1,-1,Shareholder Returns
SUNPHARMA,2019-03,1,-1,-1,Reinvestor
SUNPHARMA,2020-03,1,-1,-1,Shareholder Returns
SUNPHARMA,2021-03,1,1,-1,Liquidating Assets
SUNPHARMA,2022-03,1,-1,-1,Shareholder Returns
SUNPHARMA,2023-03,1,-1,1,Cash Accumulator
SUNPHARMA,2024-03,1,-1,-1,Shareholder Returns
TATACONSUM,2013-03,1,1,1,Cash Accumulator
TATACONSUM,2014-03,1,-1,-1,Reinvestor
TATACONSUM,2015-03,1,-1,-1,Shareholder Returns
TATACONSUM,2016-03,1,1,-1,Liquidating Assets
TATACONSUM,2017-03,1,1,-1,Liquidating Assets
TATACONSUM,2018-03,1,-1,-1,Reinvestor
TATACONSUM,2019-03,1,1,-1,Liquidating Assets
TATACONSUM,2020-03,1,-1,-1,Shareholder Returns
TATACONSUM,2021-03,1,-1,-1,Shareholder Returns
TATACONSUM,2022-03,1,-1,-1,Shareholder Returns
TATACONSUM,2023-03,1,-1,-1,Shareholder Returns
TATACONSUM,2024-03,1,-1,1,Cash Accumulator
TATAMOTORS,2013-03,1,-1,-1,Shareholder Returns
TATAMOTORS,2014-03,1,-1,-1,Shareholder Returns
TATAMOTORS,2015-03,1,-1,1,Cash Accumulator
TATAMOTORS,2016-03,1,-1,-1,Shareholder Returns
TATAMOTORS,2017-03,1,-1,1,Cash Accumulator
TATAMOTORS,2018-03,1,-1,1,Cash Accumulator
TATAMOTORS,2019-03,1,-1,1,Cash Accumulator
TATAMOTORS,2020-03,1,-1,1,Cash Accumulator
TATAMOTORS,2021-03,1,-1,1,Cash Accumulator
TATAMOTORS,2022-03,1,-1,-1,Reinvestor
TATAMOTORS,2023-03,1,-1,-1,Shareholder Returns
TATAMOTORS,2024-03,1,-1,-1,Shareholder Returns
TATAPOWER,2013-03,1,-1,-1,Shareholder Returns
TATAPOWER,2014-03,1,-1,-1,Shareholder Returns
TATAPOWER,2015-03,1,-1,-1,Shareholder Returns
TATAPOWER,2016-03,1,-1,-1,Shareholder Returns
TATAPOWER,2017-03,1,-1,1,Cash Accumulator
TATAPOWER,2018-03,1,-1,-1,Shareholder Returns
TATAPOWER,2019-03,1,-1,-1,Shareholder Returns
TATAPOWER,2020-03,1,-1,-1,Shareholder Returns
TATAPOWER,2021-03,1,1,-1,Liquidating Assets
TATAPOWER,2022-03,1,-1,-1,Shareholder Returns
TATAPOWER,2023-03,1,-1,1,Cash Accumulator
TATAPOWER,2024-03,1,-1,-1,Shareholder Returns
TATASTEEL,2013-03,1,-1,-1,Reinvestor
TATASTEEL,2014-03,1,-1,1,Cash Accumulator
TATASTEEL,2015-03,1,-1,-1,Reinvestor
TATASTEEL,2016-03,1,-1,-1,Reinvestor
TATASTEEL,2017-03,1,-1,-1,Reinvestor
TATASTEEL,2018-03,1,-1,1,Cash Accumulator
TATASTEEL,2019-03,1,-1,-1,Shareholder Returns
TATASTEEL,2020-03,1,-1,-1,Shareholder Returns
TATASTEEL,2021-03,1,-1,-1,Shareholder Returns
TATASTEEL,2022-03,1,-1,-1,Shareholder Returns
TATASTEEL,2023-03,1,-1,-1,Shareholder Returns
TATASTEEL,2024-03,1,-1,-1,Reinvestor
TCS,2013-03,1,-1,-1,Reinvestor
TCS,2014-03,1,-1,-1,Reinvestor
TCS,2015-03,1,-1,-1,Reinvestor
TCS,2016-03,1,-1,-1,Reinvestor
TCS,2017-03,1,-1,-1,Reinvestor
TCS,2018-03,1,1,-1,Liquidating Assets
TCS,2019-03,1,1,-1,Liquidating Assets
TCS,2020-03,1,1,-1,Liquidating Assets
TCS,2021-03,1,-1,-1,Shareholder Returns
TCS,2022-03,1,-1,-1,Shareholder Returns
TCS,2023-03,1,1,-1,Liquidating Assets
TCS,2024-03,1,1,-1,Liquidating Assets
TECHM,2013-03,1,-1,1,Cash Accumulator
TECHM,2014-03,1,1,-1,Liquidating Assets
TECHM,2015-03,1,-1,-1,Reinvestor
TECHM,2016-03,1,-1,-1,Shareholder Returns
TECHM,2017-03,1,-1,-1,Shareholder Returns
TECHM,2018-03,1,-1,-1,Reinvestor
TECHM,2019-03,1,-1,-1,Shareholder Returns
TECHM,2020-03,1,1,-1,Liquidating Assets
TECHM,2021-03,1,-1,-1,Shareholder Returns
TECHM,2022-03,1,1,-1,Liquidating Assets
TECHM,2023-03,1,-1,-1,Shareholder Returns
TECHM,2024-03,1,-1,-1,Shareholder Returns
TITAN,2013-03,1,-1,-1,Reinvestor
TITAN,2014-03,-1,-1,1,Growth Funded by Debt
TITAN,2015-03,1,-1,-1,Reinvestor
TITAN,2016-03,1,-1,-1,Reinvestor
TITAN,2017-03,1,-1,-1,Shareholder Returns
TITAN,2018-03,-1,1,-1,Mixed
TITAN,2019-03,1,-1,-1,Reinvestor
TITAN,2020-03,-1,1,-1,Mixed
TITAN,2021-03,1,-1,-1,Shareholder Returns
TITAN,2022-03,-1,1,-1,Mixed
TITAN,2023-03,1,-1,1,Cash Accumulator
TITAN,2024-03,1,-1,-1,Reinvestor
TORNTPHARM,2013-03,1,-1,1,Cash Accumulator
TORNTPHARM,2014-03,1,-1,1,Cash Accumulator
TORNTPHARM,2015-03,1,-1,1,Cash Accumulator
TORNTPHARM,2016-03,1,-1,-1,Shareholder Returns
TORNTPHARM,2017-03,1,-1,-1,Shareholder Returns
TORNTPHARM,2018-03,1,-1,1,Cash Accumulator
TORNTPHARM,2019-03,1,-1,-1,Shareholder Returns
TORNTPHARM,2020-03,1,1,-1,Liquidating Assets
TORNTPHARM,2021-03,1,-1,-1,Shareholder Returns
TORNTPHARM,2022-03,1,-1,-1,Shareholder Returns
TORNTPHARM,2023-03,1,-1,1,Cash Accumulator
TORNTPHARM,2024-03,1,-1,-1,Shareholder Returns
TRENT,2013-03,1,-1,1,Cash Accumulator
TRENT,2014-03,-1,-1,-1,Pre-Revenue
TRENT,2015-03,-1,-1,1,Growth Funded by Debt
TRENT,2016-03,1,-1,-1,Shareholder Returns
TRENT,2017-03,1,-1,-1,Shareholder Returns
TRENT,2018-03,1,-1,-1,Reinvestor
TRENT,2019-03,1,-1,1,Cash Accumulator
TRENT,2020-03,1,-1,1,Cash Accumulator
TRENT,2021-03,1,1,-1,Liquidating Assets
TRENT,2022-03,1,1,-1,Liquidating Assets
TRENT,2023-03,1,-1,-1,Shareholder Returns
TRENT,2024-03,1,-1,-1,Reinvestor
TVSMOTOR,2013-03,1,-1,-1,Shareholder Returns
TVSMOTOR,2014-03,1,-1,-1,Shareholder Returns
TVSMOTOR,2015-03,1,-1,1,Cash Accumulator
TVSMOTOR,2016-03,1,-1,-1,Shareholder Returns
TVSMOTOR,2017-03,1,-1,-1,Shareholder Returns
TVSMOTOR,2018-03,1,-1,1,Cash Accumulator
TVSMOTOR,2019-03,-1,-1,1,Growth Funded by Debt
TVSMOTOR,2020-03,1,-1,1,Cash Accumulator
TVSMOTOR,2021-03,1,-1,1,Cash Accumulator
TVSMOTOR,2022-03,-1,-1,1,Growth Funded by Debt
TVSMOTOR,2023-03,-1,-1,1,Growth Funded by Debt
TVSMOTOR,2024-03,-1,-1,1,Growth Funded by Debt
