source_table,id,company_id,year,sales,expenses,operating_profit,opm_percentage,other_income,interest,depreciation,profit_before_tax,tax_percentage,net_profit,eps,dividend_payout,equity_capital,reserves,borrowings,other_liabilities,total_liabilities,fixed_assets,cwip,investments,other_asset,total_assets
profitandloss,73,ABB,,6066.0,4519.0,1547.0,26.0,265.0,11.0,72.0,1728.0,,1285.0,605.0,,,,,,,,,,,
profitandloss,97,ADANIENSOL,,22099.0,15507.0,6592.0,,-844.0,3183.0,1912.0,653.0,,589.0,6.0,,,,,,,,,,,
profitandloss,110,ADANIENT,,102311.0,88418.0,13893.0,14.0,1489.0,4150.0,3541.0,7691.0,,6086.0,49.0,,,,,,,,,,,
profitandloss,119,ADANIGREEN,,10782.0,2682.0,8100.0,75.0,891.0,4959.0,2323.0,1709.0,,1928.0,9.0,0.0,,,,,,,,,,
profitandloss,132,ADANIPORTS,,28443.0,11278.0,17165.0,60.0,1039.0,2591.0,4053.0,11560.0,,9743.0,45.0,,,,,,,,,,,
profitandloss,145,ADANIPORTS,,28443.0,11278.0,17165.0,60.0,1039.0,2591.0,4053.0,11560.0,,9743.0,45.0,,,,,,,,,,,
profitandloss,158,ADANIPOWER,,54650.0,33685.0,20965.0,38.0,2124.0,3235.0,4046.0,15808.0,,12686.0,33.0,,,,,,,,,,,
profitandloss,169,AMBUJACEM,,38937.0,33815.0,5122.0,13.0,447.0,195.0,1645.0,3729.0,19.0,3024.0,13.0,19.0,,,,,,,,,,
profitandloss,171,AMBUJACEM,,32850.0,27028.0,5822.0,18.0,1230.0,298.0,1899.0,4856.0,,3871.0,13.0,,,,,,,,,,,
profitandloss,184,APOLLOHOSP,,20469.0,17725.0,2745.0,13.0,158.0,466.0,719.0,1719.0,,1224.0,82.0,,,,,,,,,,,
profitandloss,197,ASIANPAINT,,34831.0,28150.0,6681.0,19.0,616.0,227.0,916.0,6155.0,,4631.0,48.0,,,,,,,,,,,
profitandloss,205,ATGL,,4826.0,3672.0,1153.0,24.0,52.0,106.0,199.0,900.0,,668.0,6.0,,,,,,,,,,,
profitandloss,218,BAJAJ-AUTO,,48900.0,39757.0,9143.0,19.0,1535.0,164.0,379.0,10135.0,,7371.0,263.0,,,,,,,,,,,
profitandloss,231,AXISBANK,,120659.0,67033.0,44566.0,9061.0,8.0,25243.0,0.0,34304.0,,26386.0,85.0,,,,,,,,,,,
profitandloss,244,BAJAJFINSV,,126263.0,80784.0,45479.0,36.0,12.0,21568.0,1031.0,22892.0,,16520.0,53.0,,,,,,,,,,,
profitandloss,257,BAJAJHLDNG,,1733.0,178.0,1554.0,90.0,6055.0,2.0,34.0,7574.0,,7486.0,666.0,,,,,,,,,,,
profitandloss,268,BAJFINANCE,,62279.0,21918.0,18943.0,21417.0,34.0,29.0,779.0,20667.0,,15389.0,248.0,,,,,,,,,,,
profitandloss,281,BANKBARODA,,124144.0,74160.0,46459.0,3526.0,3.0,23807.0,0.0,27332.0,,20144.0,39.0,,,,,,,,,,,
profitandloss,294,BHARTIARTL,,155478.0,74745.0,80733.0,52.0,2190.0,22424.0,41690.0,18809.0,,13816.0,22.0,,,,,,,,,,,
profitandloss,307,BEL,,21575.0,15867.0,5708.0,26.0,754.0,7.0,445.0,6010.0,,4541.0,6.0,,,,,,,,,,,
profitandloss,320,BHEL,,25833.0,24783.0,1050.0,4.0,527.0,746.0,248.0,583.0,,445.0,1.0,,,,,,,,,,,
profitandloss,333,BOSCHLTD,,17150.0,14934.0,2216.0,13.0,876.0,13.0,412.0,2668.0,,2084.0,707.0,,,,,,,,,,,
profitandloss,346,BPCL,,445601.0,419046.0,26554.0,6.0,3037.0,3640.0,6996.0,18955.0,,13734.0,32.0,,,,,,,,,,,
profitandloss,359,BRITANNIA,,17244.0,14107.0,3136.0,18.0,182.0,121.0,308.0,2889.0,,2129.0,89.0,,,,,,,,,,,
profitandloss,372,CANBK,,119392.0,80351.0,48026.0,-8985.0,-8.0,30394.0,0.0,21409.0,,16571.0,18.0,,,,,,,,,,,
profitandloss,385,CHOLAFIN,,22502.0,10875.0,6452.0,5175.0,23.0,248.0,243.0,5180.0,,3852.0,46.0,,,,,,,,,,,
profitandloss,398,CIPLA,,26981.0,66.0,20075.0,6906.0,26.0,822.0,1087.0,6576.0,,4987.0,62.0,,,,,,,,,,,
profitandloss,411,COALINDIA,,140328.0,875.0,93717.0,46610.0,33.0,8145.0,8357.0,45523.0,,34350.0,56.0,,,,,,,,,,,
profitandloss,424,DABUR,,12447.0,10106.0,2341.0,19.0,537.0,152.0,424.0,2302.0,,1760.0,10.0,,,,,,,,,,,
profitandloss,437,DIVISLAB,,8614.0,6056.0,2558.0,30.0,359.0,3.0,386.0,2528.0,,1836.0,69.0,,,,,,,,,,,
profitandloss,450,DLF,,7001.0,5116.0,1885.0,27.0,662.0,386.0,150.0,2010.0,,4004.0,16.0,,,,,,,,,,,
profitandloss,463,DMART,,57213.0,52737.0,4476.0,8.0,137.0,64.0,834.0,3716.0,,2720.0,42.0,,,,,,,,,,,
profitandloss,476,DRREDDY,,31229.0,22919.0,8311.0,27.0,862.0,276.0,1617.0,7280.0,,5448.0,64.0,,,,,,,,,,,
profitandloss,489,EICHERMOT,,17091.0,12619.0,4472.0,26.0,1729.0,53.0,661.0,5486.0,,4268.0,156.0,,,,,,,,,,,
profitandloss,502,GAIL,,136081.0,119297.0,16784.0,12.0,2893.0,733.0,4187.0,14758.0,,11541.0,18.0,,,,,,,,,,,
profitandloss,515,GODREJCP,,14152.0,11156.0,2996.0,21.0,-2097.0,339.0,211.0,348.0,,-453.0,-4.0,,,,,,,,,,,
profitandloss,528,GRASIM,,137116.0,109610.0,27506.0,20.0,971.0,10696.0,5437.0,12344.0,,8693.0,67.0,,,,,,,,,,,
profitandloss,541,HAL,,31154.0,21199.0,9954.0,32.0,2304.0,32.0,1182.0,11045.0,,8472.0,127.0,,,,,,,,,,,
profitandloss,554,HAVELLS,,20677.0,18668.0,2008.0,10.0,310.0,46.0,384.0,1889.0,,1400.0,22.0,,,,,,,,,,,
profitandloss,558,HCLTECH,,31136.0,24482.0,6654.0,21.0,871.0,74.0,410.0,7041.0,20.0,5602.0,20.0,40.0,,,,,,,,,,
profitandloss,567,HCLTECH,,115308.0,90169.0,25139.0,22.0,2452.0,659.0,4137.0,22795.0,,17085.0,63.0,,,,,,,,,,,
profitandloss,580,HDFCBANK,,329022.0,180600.0,206009.0,-57587.0,-18.0,146017.0,0.0,88430.0,,72168.0,91.0,,,,,,,,,,,
profitandloss,593,HDFCLIFE,,100772.0,0.0,100048.0,725.0,1.0,514.0,0.0,1239.0,,1747.0,8.0,,,,,,,,,,,
profitandloss,605,HEROMOTOCO,,40098.0,68.0,34537.0,5561.0,14.0,929.0,802.0,5620.0,,4133.0,207.0,,,,,,,,,,,
profitandloss,618,HINDALCO,,224018.0,3560.0,196087.0,27931.0,12.0,1300.0,7716.0,17955.0,,12488.0,56.0,,,,,,,,,,,
profitandloss,631,HINDUNILVR,,62661.0,420.0,47902.0,14759.0,24.0,1461.0,1328.0,14472.0,,10757.0,46.0,,,,,,,,,,,
profitandloss,644,ICICIBANK,,180551.0,86404.0,125722.0,-31575.0,-17.0,101817.0,0.0,70242.0,,52416.0,70.0,,,,,,,,,,,
profitandloss,657,ICICIGI,,23301.0,0.0,19938.0,3363.0,14.0,-12.0,0.0,3351.0,,2518.0,51.0,,,,,,,,,,,
profitandloss,670,ICICIPRULI,,77572.0,0.0,77251.0,321.0,0.0,933.0,0.0,1254.0,,974.0,7.0,,,,,,,,,,,
profitandloss,709,INDUSINDBK,,49004.0,27577.0,20104.0,1323.0,3.0,9521.0,0.0,10844.0,,8122.0,104.0,,,,,,,,,,,
profitandloss,722,INFY,,159988.0,121843.0,38145.0,24.0,5138.0,424.0,4675.0,38184.0,,27687.0,67.0,,,,,,,,,,,
profitandloss,735,IOC,,761485.0,728555.0,32930.0,4.0,7285.0,9231.0,16546.0,14438.0,,10909.0,8.0,,,,,,,,,,,
profitandloss,746,IRCTC,,4455.0,2950.0,1505.0,34.0,185.0,16.0,56.0,1617.0,,1200.0,15.0,,,,,,,,,,,
profitandloss,759,IRFC,,26902.0,144.0,26758.0,99.0,8.0,20223.0,6.0,6537.0,,6537.0,5.0,,,,,,,,,,,
profitandloss,772,ITC,,75135.0,48495.0,26640.0,35.0,2655.0,54.0,1940.0,27302.0,,20829.0,16.0,,,,,,,,,,,
profitandloss,785,JINDALSTEL,,50019.0,39693.0,10327.0,21.0,139.0,1293.0,3009.0,6163.0,,5060.0,50.0,,,,,,,,,,,
profitandloss,788,JIOFIN,,1968.0,437.0,1531.0,78.0,435.0,0.0,22.0,1944.0,,1607.0,3.0,,,,,,,,,,,
profitandloss,801,JSWENERGY,,11416.0,6034.0,5382.0,47.0,648.0,2083.0,1594.0,2352.0,,1988.0,11.0,,,,,,,,,,,
profitandloss,814,JSWSTEEL,,170274.0,147796.0,22478.0,13.0,267.0,8380.0,9006.0,5359.0,,3312.0,14.0,,,,,,,,,,,
profitandloss,827,KOTAKBANK,,64053.0,27327.0,50872.0,-14146.0,-22.0,43559.0,0.0,29413.0,,22530.0,113.0,,,,,,,,,,,
profitandloss,834,LICI,,896106.0,870255.0,25851.0,3.0,16250.0,0.0,0.0,42102.0,,41468.0,,,,,,,,,,,,
profitandloss,847,LODHA,,13574.0,9761.0,3812.0,28.0,260.0,514.0,311.0,3248.0,,2511.0,25.0,,,,,,,,,,,
profitandloss,860,LT,,238881.0,208066.0,30815.0,13.0,3995.0,9420.0,3964.0,21425.0,,16150.0,98.0,,,,,,,,,,,
profitandloss,873,LTIM,,37129.0,30695.0,6434.0,17.0,946.0,280.0,968.0,6133.0,,4574.0,154.0,,,,,,,,,,,
profitandloss,886,M&M,,145893.0,118688.0,27204.0,19.0,3365.0,8259.0,5007.0,17303.0,,13009.0,95.0,,,,,,,,,,,
profitandloss,899,MARUTI,,145213.0,125446.0,19766.0,14.0,5002.0,212.0,5317.0,19240.0,,14021.0,446.0,,,,,,,,,,,
profitandloss,912,MOTHERSON,,109382.0,98908.0,10474.0,10.0,955.0,2061.0,4272.0,5095.0,,4123.0,6.0,,,,,,,,,,,
profitandloss,925,NAUKRI,,2662.0,1911.0,751.0,28.0,560.0,22.0,104.0,1185.0,,551.0,36.0,,,,,,,,,,,
profitandloss,938,NESTLEIND,,19786.0,15060.0,4726.0,24.0,297.0,113.0,452.0,4458.0,26.0,3323.0,34.0,,,,,,,,,,,
profitandloss,951,NHPC,,9690.0,4675.0,5015.0,52.0,2094.0,718.0,1177.0,5213.0,20.0,3417.0,3.0,,,,,,,,,,,
profitandloss,964,NTPC,,185892.0,133499.0,52392.0,28.0,6831.0,12475.0,17009.0,29739.0,24.0,22546.0,23.0,,,,,,,,,,,
profitandloss,977,ONGC,,658694.0,572824.0,85870.0,13.0,14458.0,12592.0,31646.0,56090.0,26.0,42320.0,33.0,,,,,,,,,,,
profitandloss,990,PFC,,98152.0,882.0,35764.0,36.0,109.0,61505.0,54.0,35820.0,21.0,28248.0,64.0,,,,,,,,,,,
profitandloss,1003,PIDILITIND,,12901.0,9949.0,2952.0,23.0,144.0,49.0,374.0,2673.0,,1973.0,38.0,,,,,,,,,,,
profitandloss,1016,PNB,,116126.0,36345.0,,,15249.0,73977.0,0.0,21054.0,,14535.0,13.0,,,,,,,,,,,
profitandloss,1029,POWERGRID,,45812.0,6577.0,39235.0,86.0,1886.0,8854.0,13045.0,19221.0,,15712.0,17.0,,,,,,,,,,,
profitandloss,1042,RECLTD,,51490.0,630.0,50860.0,99.0,87.0,32075.0,24.0,18848.0,,14885.0,57.0,,,,,,,,,,,
profitandloss,1055,RELIANCE,,939838.0,775710.0,164128.0,17.0,17607.0,23875.0,53226.0,104634.0,,79941.0,51.0,,,,,,,,,,,
profitandloss,1068,SBILIFE,,130073.0,129065.0,1007.0,1.0,1636.0,0.0,0.0,2643.0,,2411.0,24.0,,,,,,,,,,,
profitandloss,1081,SBIN,,469625.0,244759.0,-59190.0,-13.0,157189.0,284056.0,0.0,97999.0,,74461.0,80.0,,,,,,,,,,,
profitandloss,1085,SHREECEM,,5514.0,4107.0,1407.0,26.0,673.0,76.0,828.0,1176.0,3.0,1143.0,328.0,7.0,,,,,,,,,,
profitandloss,1094,SHREECEM,,19802.0,15576.0,4226.0,21.0,618.0,229.0,2566.0,2049.0,,1733.0,480.0,,,,,,,,,,,
profitandloss,1107,SHRIRAMFIN,,39864.0,11228.0,11416.0,29.0,1800.0,17220.0,628.0,12588.0,,9454.0,50.0,,,,,,,,,,,
profitandloss,1132,SUNPHARMA,,50308.0,36249.0,14059.0,27.0,1571.0,239.0,2554.0,12837.0,,11117.0,46.0,,,,,,,,,,,
profitandloss,1145,TATACONSUM,,16297.0,13802.0,2496.0,15.0,-168.0,268.0,499.0,1560.0,,1170.0,12.0,,,,,,,,,,,
profitandloss,1158,TATAMOTORS,,440061.0,379564.0,60497.0,14.0,6617.0,8841.0,26580.0,31693.0,,33816.0,99.0,,,,,,,,,,,
profitandloss,1171,TATAPOWER,,63489.0,52432.0,11057.0,17.0,3708.0,4549.0,3927.0,6289.0,,4403.0,12.0,,,,,,,,,,,
profitandloss,1184,TATASTEEL,,221012.0,195697.0,25314.0,11.0,371.0,7394.0,10269.0,8022.0,,2527.0,2.0,,,,,,,,,,,
profitandloss,1197,TCS,,252082.0,184491.0,67591.0,27.0,4091.0,795.0,5109.0,65778.0,,49006.0,135.0,,,,,,,,,,,
profitandloss,1210,TECHM,,52476.0,46253.0,6223.0,12.0,1072.0,295.0,1852.0,5148.0,,3775.0,38.0,,,,,,,,,,,
profitandloss,1223,TITAN,,54458.0,49219.0,5239.0,10.0,538.0,840.0,647.0,4290.0,,3243.0,37.0,,,,,,,,,,,
profitandloss,1236,TORNTPHARM,,11302.0,7662.0,3640.0,32.0,72.0,276.0,797.0,2639.0,,1862.0,55.0,,,,,,,,,,,
profitandloss,1249,TRENT,,15025.0,12672.0,2354.0,16.0,960.0,196.0,756.0,2362.0,,1809.0,51.0,,,,,,,,,,,
profitandloss,1262,TVSMOTOR,,42886.0,36696.0,6190.0,14.0,95.0,2064.0,1038.0,3182.0,,2094.0,42.0,,,,,,,,,,,
profitandloss,1275,ULTRACEMCO,,71317.0,59261.0,12056.0,17.0,739.0,1216.0,3478.0,8101.0,,6252.0,216.0,,,,,,,,,,,
profitandloss,1288,UNIONBANK,,107058.0,35514.0,2090.0,2.0,20440.0,69454.0,0.0,22530.0,,16344.0,21.0,,,,,,,,,,,
profitandloss,1301,UNITDSPR,,11821.0,9710.0,2111.0,18.0,176.0,96.0,286.0,1905.0,,1402.0,19.0,,,,,,,,,,,
profitandloss,1314,VBL,,18987.0,14438.0,4549.0,24.0,86.0,415.0,853.0,3367.0,,2582.0,8.0,,,,,,,,,,,
profitandloss,1327,VEDL,,144448.0,107376.0,37072.0,26.0,5266.0,9721.0,10958.0,21659.0,,15841.0,30.0,,,,,,,,,,,
profitandloss,1340,WIPRO,,88792.0,71019.0,17773.0,20.0,3349.0,1431.0,3077.0,16615.0,,12488.0,12.0,,,,,,,,,,,
profitandloss,1348,ZOMATO,,17972.0,17321.0,651.0,4.0,944.0,118.0,716.0,761.0,,663.0,1.0,,,,,,,,,,,
profitandloss,1361,ZYDUSLIFE,,21484.0,15205.0,6278.0,29.0,351.0,112.0,849.0,5668.0,,4439.0,43.0,,,,,,,,,,,
profitandloss,1374,INDIGO,,76476.0,0.0,60568.0,15908.0,21.0,3034.0,7955.0,6182.0,,6074.0,157.0,,,,,,,,,,,
balancesheet,1212,ZYDUSLIFE,,,,,,,,,,,,,,101.0,21724.0,190.0,9431.0,31446.0,14304.0,1051.0,2596.0,13495.0,31446.0
balancesheet,1233,ZOMATO,,,,,,,,,,,,,,872.0,20446.0,1159.0,2728.0,25205.0,8390.0,59.0,11708.0,5048.0,25205.0
balancesheet,1246,WIPRO,,,,,,,,,,,,,,1046.0,80330.0,19282.0,24893.0,125552.0,43476.0,846.0,43970.0,37260.0,125552.0
balancesheet,1259,VEDL,,,,,,,,,,,,,,391.0,37097.0,79808.0,87879.0,205175.0,100699.0,27719.0,12823.0,63934.0,205175.0
balancesheet,1297,UNITDSPR,,,,,,,,,,,,,,145.0,7487.0,518.0,3805.0,11955.0,1798.0,66.0,819.0,9272.0,11955.0
